topic_id,topic
1,9N16DTQY
2,9OAB63
3,R7GX26703
4,6RWZGZ049A8L4
5,Q43KU2ZPK
6,ZX8VACFS
7,RDB3DGNYB
8,B48UYIXO3O
9,C
10,GF0DOM
11,L6
12,WD
13,TV8R
14,91L4CN9Z
15,B34C
16,DSO5VF7AOV
17,7OT92B
18,H
19,LCG599M6
20,VQZ7W6UFYY1
21,T5ZNF7OSJPJT
22,3RH3Y5
23,0L
24,X6KTHIYEI88DR
25,14U5MO23B8C
26,V6DH2SHK
27,H30H79
28,B
29,OKALTG1
30,FP
31,L
32,HG00BXKJTH
33,B0C9TA5YM
34,7
35,D6HA4G
36,BDDBV
37,CEW7B
38,UHYVJLBSU
39,G
40,BQJ9M2H0QHI50
41,GORMQLK4GV
42,OC
43,F2AA839NARXW
44,KB
45,YJYS5FQL45
46,FJ1V6HO
47,AYMEPPWBJVQE
48,5PSV7X
49,5MU6Z
50,QTE
